{"roc auc": 0.8193548387096775, "f1": 0.8253968253968254, "recall": 0.8387096774193549}